NAME,EMAIL,PHONE NUMBER,None
Netty Sa,nettysa@helpinghands.cm,678945123,None
Don Jazzy,donjazzy@helpinghands.cm,698521347,None
Fon Niba,fonniba@helpinghands.cm,652301478,None
Chap Man,chapman@helpinghands.cm,687451230,None
Dolait Key,dolaitkey@helpinghands.cm,698451203,None
Olax Mods,olaxmods@helpinghands.cm,674563201,None
Dell Hp,dellhp@helpinghands.cm,683021459,None
Creo Link,creolink@helpinghands.cm,654879630,None
Mekako Junior,mekakojunior@helpinghands.cm,659687413,None
Roxanne Azis,roxanneazis@helpinghands.cm,690123758,None
Sam Mukabe,sammukabe@helpinghands.cm,657412384,None
Mpele Leslie,mpeleleslie@helpinghands.cm,671958304,None
Leonel Messi,leonelmessi@helpinghands.cm,684213097,None
Christian Ronaldo,christianronaldo@helpinghands.cm,680239764,None
Dika Friday,dikafriday@helpinghands.cm,690123654,None
Oran Nana,orannana@helpinghands.cm,698745632,None
Pamela Ngono,pamelangono@helpinghands.cm,692354873,None
Joana Nina,joananina@helpinghands.cm,691456308,None
Paul Samuel,paulsamuel@helpinghands.cm,678541203,None
Samuel Etoo,samueletoo@helpinghands.cm,696321458,None
Papy Balf,papybalf@helpinghands.cm,674123698,None
Mr Bean,mrbean@helpinghands.cm,685245607,None
Roxy Men,roxymen@helpinghands.cm,656987321,None
Teke Carlson,tekecarlson@helpinghands.cm,699887744,None
Fru Dona,frudona@helpinghands.cm,677441100,None
No Name,noname@helpinghands.cm,688552200,None
Ko Collins,kocollins@helpinghands.cm,660998742,None
Salatiel Beat,salatielbeat@helpinghands.cm,663217892,None
Tenor Ebanflang,tenorebanflang@helpinghands.cm,660025987,None